{
    "models": [
        {
            "name": "cornell",
            "model": "../Resources/models/cornell/cornell.obj",
            "transform": [
                {
                    "matrix": [
                        1.0,
                        0.0,
                        0.0,
                        0.0,
                        1.0,
                        0.0,
                        0.0,
                        0.0,
                        1.0,
                        0.0,
                        0.0,
                        0.0
                    ]
                }
            ]
        },
        {
            "name": "vehicle_armor",
            "model": "../Resources/models/vehicle_armor/vehicle_armor.obj",
            "transform": [
                {
                    "matrix": [
                        0.3535533845424652,
                        0.0,
                        0.3535533845424652,
                        0.0,
                        0.5,
                        0.0,
                        -0.3535533845424652,
                        0.0,
                        0.3535533845424652,
                        0.0,
                        0.0,
                        0.0
                    ]
                }
            ]
        }
    ],
    "camera": {
        "position": [
            0.0,
            200.0,
            -500.0
        ],
        "target": [
            0.0,
            200.0,
            0.0
        ],
        "up": [
            0.0,
            1.0,
            0.0
        ],
        "fov": 90.0
    },
    "renderer": {
        "multisample": 1,
        "maxdepth": 16,
        "aodist": 1500.0,
        "zdepthmax": 1500.0,
        "skycolor": [
            9.999999974752428e-7,
            9.999899930335233e-7,
            9.999899930335233e-7
        ]
    },
    "post": {
        "exposure": 1.0,
        "gamma": 1.0
    }
}