{
    "models": [
        {
            "name": "modernroom_t",
            "model": "../Resources/models/ModernRoom/modernroom_t.obj",
            "transform": [
                {
                    "matrix": [
                        1.0,
                        0.0,
                        0.0,
                        0.0,
                        1.0,
                        0.0,
                        0.0,
                        0.0,
                        1.0,
                        0.0,
                        0.0,
                        0.0
                    ]
                }
            ]
        }
    ],
    "camera": {
        "position": [
            4.169864654541016,
            -0.2608817517757416,
            -1.8491891622543336
        ],
        "target": [
            0.08064635843038559,
            -0.0976584330201149,
            0.3889881670475006
        ],
        "up": [
            0.0,
            1.0,
            0.0
        ],
        "fov": 90.0
    },
    "renderer": {
        "multisample": 1,
        "maxdepth": 16,
        "aodist": 1.0,
        "zdepthmax": 1.0,
        "skycolor": [
            1.0,
            1.0,
            1.0
        ]
    },
    "post": {
        "exposure": 1.0,
        "gamma": 1.0
    }
}